File_name;Station;Treatment;Month;Tank_ID;Animal_ID;Measurement;Length;Measurement_quality;Comment
BB23_15_2024_06_19_01.tif;BB23;15;6;BB23_15;BB23_15_01;BB23_15_01_a;817.546;;
;BB23;15;6;BB23_15;BB23_15_01;BB23_15_01_b;818.874;;
;BB23;15;6;BB23_15;BB23_15_01;BB23_15_01_c;817.293;;
BB23_15_2024_06_19_02.tif;BB23;15;6;BB23_15;BB23_15_02;BB23_15_02_a;771.153;;
;BB23;15;6;BB23_15;BB23_15_02;BB23_15_02_b;777.335;;
;BB23;15;6;BB23_15;BB23_15_02;BB23_15_02_c;774.586;;
BB23_15_2024_06_19_03.tif;BB23;15;6;BB23_15;BB23_15_03;BB23_15_03_a;835.869;;
;BB23;15;6;BB23_15;BB23_15_03;BB23_15_03_b;834.779;;
;BB23;15;6;BB23_15;BB23_15_03;BB23_15_03_c;833.144;;
BB23_15_2024_06_19_04.tif;BB23;15;6;BB23_15;BB23_15_04;BB23_15_04_a;767.686;;
;BB23;15;6;BB23_15;BB23_15_04;BB23_15_04_b;766.115;;
;BB23;15;6;BB23_15;BB23_15_04;BB23_15_04_c;767.324;;
BB23_15_2024_06_19_05.tif;BB23;15;6;BB23_15;BB23_15_05;BB23_15_05_a;883.434;;
;BB23;15;6;BB23_15;BB23_15_05;BB23_15_05_b;882.101;;
;BB23;15;6;BB23_15;BB23_15_05;BB23_15_05_c;889.936;;
BB23_15_2024_06_19_06.tif;BB23;15;6;BB23_15;BB23_15_06;BB23_15_06_a;724.225;;
;BB23;15;6;BB23_15;BB23_15_06;BB23_15_06_b;719.079;;
;BB23;15;6;BB23_15;BB23_15_06;BB23_15_06_c;722.112;;
BB23_15_2024_06_19_07.tif;BB23;15;6;BB23_15;BB23_15_07;BB23_15_07_a;876.776;;
;BB23;15;6;BB23_15;BB23_15_07;BB23_15_07_b;879.116;;
;BB23;15;6;BB23_15;BB23_15_07;BB23_15_07_c;877.827;;
BB23_15_2024_06_19_08.tif;BB23;15;6;BB23_15;BB23_15_08;BB23_15_08_a;832.162;;
;BB23;15;6;BB23_15;BB23_15_08;BB23_15_08_b;837.749;;
;BB23;15;6;BB23_15;BB23_15_08;BB23_15_08_c;834.759;;
BB23_15_2024_06_19_09.tif;BB23;15;6;BB23_15;BB23_15_09;BB23_15_09_a;851.291;;
;BB23;15;6;BB23_15;BB23_15_09;BB23_15_09_b;851.766;;
;BB23;15;6;BB23_15;BB23_15_09;BB23_15_09_c;848.232;;
BB23_15_2024_06_19_10.tif;BB23;15;6;BB23_15;BB23_15_10;BB23_15_10_a;772.773;;
;BB23;15;6;BB23_15;BB23_15_10;BB23_15_10_b;777.818;;
;BB23;15;6;BB23_15;BB23_15_10;BB23_15_10_c;776.043;;
BB23_15_2024_06_19_11.tif;BB23;15;6;BB23_15;BB23_15_11;BB23_15_11_a;846.244;;
;BB23;15;6;BB23_15;BB23_15_11;BB23_15_11_b;846.194;;
;BB23;15;6;BB23_15;BB23_15_11;BB23_15_11_c;846.062;;
BB23_5_2024_06_19_01.tif;BB23;5;6;BB23_5;BB23_5_01;BB23_5_01_a;744.128;;
;BB23;5;6;BB23_5;BB23_5_01;BB23_5_01_b;745.209;;
;BB23;5;6;BB23_5;BB23_5_01;BB23_5_01_c;748.651;;
BB23_5_2024_06_19_02.tif;BB23;5;6;BB23_5;BB23_5_02;BB23_5_02_a;842.802;;
;BB23;5;6;BB23_5;BB23_5_02;BB23_5_02_b;845.053;;
;BB23;5;6;BB23_5;BB23_5_02;BB23_5_02_c;840.781;;
BB23_5_2024_06_19_03.tif;BB23;5;6;BB23_5;BB23_5_03;BB23_5_03_a;751.844;;
;BB23;5;6;BB23_5;BB23_5_03;BB23_5_03_b;761.07;;
;BB23;5;6;BB23_5;BB23_5_03;BB23_5_03_c;755.948;;
BB23_5_2024_06_19_04.tif;BB23;5;6;BB23_5;BB23_5_04;BB23_5_04_a;755.468;;
;BB23;5;6;BB23_5;BB23_5_04;BB23_5_04_b;757.461;;
;BB23;5;6;BB23_5;BB23_5_04;BB23_5_04_c;752.763;;
BB23_5_2024_06_19_05.tif;BB23;5;6;BB23_5;BB23_5_05;BB23_5_05_a;824.253;;
;BB23;5;6;BB23_5;BB23_5_05;BB23_5_05_b;826.404;;
;BB23;5;6;BB23_5;BB23_5_05;BB23_5_05_c;827.953;;
BB23_5_2024_06_19_06.tif;BB23;5;6;BB23_5;BB23_5_06;BB23_5_06_a;802.615;;
;BB23;5;6;BB23_5;BB23_5_06;BB23_5_06_b;801.711;;
;BB23;5;6;BB23_5;BB23_5_06;BB23_5_06_c;803.203;;
BB23_5_2024_06_19_07.tif;BB23;5;6;BB23_5;BB23_5_07;BB23_5_07_a;858.089;;
;BB23;5;6;BB23_5;BB23_5_07;BB23_5_07_b;857.014;;
;BB23;5;6;BB23_5;BB23_5_07;BB23_5_07_c;859.954;;
BB23_5_2024_06_19_08.tif;BB23;5;6;BB23_5;BB23_5_08;BB23_5_08_a;799.208;;
;BB23;5;6;BB23_5;BB23_5_08;BB23_5_08_b;801.207;;
;BB23;5;6;BB23_5;BB23_5_08;BB23_5_08_c;798.158;;
BB23_5_2024_06_19_09.tif;BB23;5;6;BB23_5;BB23_5_09;BB23_5_09_a;828.029;;
;BB23;5;6;BB23_5;BB23_5_09;BB23_5_09_b;827.245;;
;BB23;5;6;BB23_5;BB23_5_09;BB23_5_09_c;826.049;;
BB23_5_2024_06_19_10.tif;BB23;5;6;BB23_5;BB23_5_10;BB23_5_10_a;652.544;;
;BB23;5;6;BB23_5;BB23_5_10;BB23_5_10_b;659.818;;
;BB23;5;6;BB23_5;BB23_5_10;BB23_5_10_c;653.614;;
BB23_5_2024_06_19_11.tif;BB23;5;6;BB23_5;BB23_5_11;BB23_5_11_a;761.866;;
;BB23;5;6;BB23_5;BB23_5_11;BB23_5_11_b;765.672;;
;BB23;5;6;BB23_5;BB23_5_11;BB23_5_11_c;764.777;;
BOK_15_2024_09_25_01.jpg;BOK;15;9;BOK_15;BOK_15_01;BOK_15_01_a;815.393;;
;BOK;15;9;BOK_15;BOK_15_01;BOK_15_01_b;815.621;;
;BOK;15;9;BOK_15;BOK_15_01;BOK_15_01_c;818.195;;
BOK_15_2024_09_25_02.jpg;BOK;15;9;BOK_15;BOK_15_02;BOK_15_02_a;762.082;;
;BOK;15;9;BOK_15;BOK_15_02;BOK_15_02_b;762.463;;
;BOK;15;9;BOK_15;BOK_15_02;BOK_15_02_c;761.49;;
BOK_15_2024_09_25_03.jpg;BOK;15;9;BOK_15;BOK_15_03;BOK_15_03_a;828.255;;
;BOK;15;9;BOK_15;BOK_15_03;BOK_15_03_b;827.214;;
;BOK;15;9;BOK_15;BOK_15_03;BOK_15_03_c;830.154;;
BOK_15_2024_09_25_04.jpg;BOK;15;9;BOK_15;BOK_15_04;BOK_15_04_a;781.356;;
;BOK;15;9;BOK_15;BOK_15_04;BOK_15_04_b;786.391;;
;BOK;15;9;BOK_15;BOK_15_04;BOK_15_04_c;782.002;;
BOK_15_2024_09_25_05.jpg;BOK;15;9;BOK_15;BOK_15_05;BOK_15_05_a;807.742;;
;BOK;15;9;BOK_15;BOK_15_05;BOK_15_05_b;805.409;;
;BOK;15;9;BOK_15;BOK_15_05;BOK_15_05_c;805.469;;
BOK_15_2024_09_25_06.jpg;BOK;15;9;BOK_15;BOK_15_06;BOK_15_06_a;874.836;;
;BOK;15;9;BOK_15;BOK_15_06;BOK_15_06_b;872.979;;
;BOK;15;9;BOK_15;BOK_15_06;BOK_15_06_c;872.435;;
BOK_15_2024_09_25_07.jpg;BOK;15;9;BOK_15;BOK_15_07;BOK_15_07_a;826.271;;
;BOK;15;9;BOK_15;BOK_15_07;BOK_15_07_b;826.541;;
;BOK;15;9;BOK_15;BOK_15_07;BOK_15_07_c;825.952;;
BOK_15_2024_09_25_08.jpg;BOK;15;9;BOK_15;BOK_15_08;BOK_15_08_a;815.232;;
;BOK;15;9;BOK_15;BOK_15_08;BOK_15_08_b;813.821;;
;BOK;15;9;BOK_15;BOK_15_08;BOK_15_08_c;814.811;;
BOK_15_2024_09_25_09.jpg;BOK;15;9;BOK_15;BOK_15_09;BOK_15_09_a;804.194;;
;BOK;15;9;BOK_15;BOK_15_09;BOK_15_09_b;804.492;;
;BOK;15;9;BOK_15;BOK_15_09;BOK_15_09_c;804.671;;
BOK_15_2024_09_25_10.jpg;BOK;15;9;BOK_15;BOK_15_10;BOK_15_10_a;810.98;;
;BOK;15;9;BOK_15;BOK_15_10;BOK_15_10_b;808.913;;
;BOK;15;9;BOK_15;BOK_15_10;BOK_15_10_c;809.299;;
BOK_15_2024_09_25_11.jpg;BOK;15;9;BOK_15;BOK_15_11;BOK_15_11_a;814.141;;
;BOK;15;9;BOK_15;BOK_15_11;BOK_15_11_b;815.743;;
;BOK;15;9;BOK_15;BOK_15_11;BOK_15_11_c;818.411;;
BOK_15_2024_09_25_12.jpg;BOK;15;9;BOK_15;BOK_15_12;BOK_15_12_a;842.407;;
;BOK;15;9;BOK_15;BOK_15_12;BOK_15_12_b;842.636;;
;BOK;15;9;BOK_15;BOK_15_12;BOK_15_12_c;840.355;;
BOK_15_2024_09_25_13.jpg;BOK;15;9;BOK_15;BOK_15_13;BOK_15_13_a;881.281;;
;BOK;15;9;BOK_15;BOK_15_13;BOK_15_13_b;881.502;;
;BOK;15;9;BOK_15;BOK_15_13;BOK_15_13_c;881.54;;
BOK_15_2024_09_25_14.jpg;BOK;15;9;BOK_15;BOK_15_14;BOK_15_14_a;820.664;;
;BOK;15;9;BOK_15;BOK_15_14;BOK_15_14_b;822.222;;
;BOK;15;9;BOK_15;BOK_15_14;BOK_15_14_c;822.186;;
BOK_15_2024_09_25_15.jpg;BOK;15;9;BOK_15;BOK_15_15;BOK_15_15_a;770.895;;
;BOK;15;9;BOK_15;BOK_15_15;BOK_15_15_b;769.207;;
;BOK;15;9;BOK_15;BOK_15_15;BOK_15_15_c;770.55;;
BOK_15_2024_09_25_16.jpg;BOK;15;9;BOK_15;BOK_15_16;BOK_15_16_a;854.439;;
;BOK;15;9;BOK_15;BOK_15_16;BOK_15_16_b;853.65;;
;BOK;15;9;BOK_15;BOK_15_16;BOK_15_16_c;855.633;;
BOK_5_2024_09_25_01.jpg;BOK;5;9;BOK_5;BOK_5_01;BOK_5_01_a;788.865;;
;BOK;5;9;BOK_5;BOK_5_01;BOK_5_01_b;791.891;;
;BOK;5;9;BOK_5;BOK_5_01;BOK_5_01_c;789.891;;
BOK_5_2024_09_25_02.jpg;BOK;5;9;BOK_5;BOK_5_02;BOK_5_02_a;877.549;;
;BOK;5;9;BOK_5;BOK_5_02;BOK_5_02_b;876.954;;
;BOK;5;9;BOK_5;BOK_5_02;BOK_5_02_c;874.963;;
BOK_5_2024_09_25_03.jpg;BOK;5;9;BOK_5;BOK_5_03;BOK_5_03_a;833.482;;
;BOK;5;9;BOK_5;BOK_5_03;BOK_5_03_b;833.153;;
;BOK;5;9;BOK_5;BOK_5_03;BOK_5_03_c;832.253;;
BOK_5_2024_09_25_04.jpg;BOK;5;9;BOK_5;BOK_5_04;BOK_5_04_a;808.405;;
;BOK;5;9;BOK_5;BOK_5_04;BOK_5_04_b;805.066;;
;BOK;5;9;BOK_5;BOK_5_04;BOK_5_04_c;806.404;;
BOK_5_2024_09_25_05.jpg;BOK;5;9;BOK_5;BOK_5_05;BOK_5_05_a;896.14;;
;BOK;5;9;BOK_5;BOK_5_05;BOK_5_05_b;896.949;;
;BOK;5;9;BOK_5;BOK_5_05;BOK_5_05_c;895.397;;
BOK_5_2024_09_25_06.jpg;BOK;5;9;BOK_5;BOK_5_06;BOK_5_06_a;798.123;;
;BOK;5;9;BOK_5;BOK_5_06;BOK_5_06_b;794.638;;
;BOK;5;9;BOK_5;BOK_5_06;BOK_5_06_c;795.641;;
BOK_5_2024_09_25_07.jpg;BOK;5;9;BOK_5;BOK_5_07;BOK_5_07_a;823.498;;
;BOK;5;9;BOK_5;BOK_5_07;BOK_5_07_b;825.152;;
;BOK;5;9;BOK_5;BOK_5_07;BOK_5_07_c;821.599;;
BOK_5_2024_09_25_08.jpg;BOK;5;9;BOK_5;BOK_5_08;BOK_5_08_a;830.071;;
;BOK;5;9;BOK_5;BOK_5_08;BOK_5_08_b;829.916;;
;BOK;5;9;BOK_5;BOK_5_08;BOK_5_08_c;830.232;;
BOK_5_2024_09_25_09.jpg;BOK;5;9;BOK_5;BOK_5_09;BOK_5_09_a;851.118;;
;BOK;5;9;BOK_5;BOK_5_09;BOK_5_09_b;853.336;;
;BOK;5;9;BOK_5;BOK_5_09;BOK_5_09_c;854.551;;
BOK_5_2024_09_25_10.jpg;BOK;5;9;BOK_5;BOK_5_10;BOK_5_10_a;815.734;;
;BOK;5;9;BOK_5;BOK_5_10;BOK_5_10_b;812.917;;
;BOK;5;9;BOK_5;BOK_5_10;BOK_5_10_c;811.746;;
BOK_5_2024_09_25_11.jpg;BOK;5;9;BOK_5;BOK_5_11;BOK_5_11_a;786.285;;
;BOK;5;9;BOK_5;BOK_5_11;BOK_5_11_b;787.194;;
;BOK;5;9;BOK_5;BOK_5_11;BOK_5_11_c;785.971;;
BOK_5_2024_09_25_12.jpg;BOK;5;9;BOK_5;BOK_5_12;BOK_5_12_a;768.937;;
;BOK;5;9;BOK_5;BOK_5_12;BOK_5_12_b;767.56;;
;BOK;5;9;BOK_5;BOK_5_12;BOK_5_12_c;767.691;;
BOK_5_2024_09_25_13.jpg;BOK;5;9;BOK_5;BOK_5_13;BOK_5_13_a;848.046;;
;BOK;5;9;BOK_5;BOK_5_13;BOK_5_13_b;849.666;;
;BOK;5;9;BOK_5;BOK_5_13;BOK_5_13_c;845.373;;
BOK_5_2024_09_25_14.jpg;BOK;5;9;BOK_5;BOK_5_14;BOK_5_14_a;791.227;;
;BOK;5;9;BOK_5;BOK_5_14;BOK_5_14_b;788.639;;
;BOK;5;9;BOK_5;BOK_5_14;BOK_5_14_c;792.805;;
GDY_15_2024_09_25_01.jpg;GDY;15;9;GDY_15;GDY_15_01;GDY_15_01_a;881.557;;
;GDY;15;9;GDY_15;GDY_15_01;GDY_15_01_b;880.696;;
;GDY;15;9;GDY_15;GDY_15_01;GDY_15_01_c;883.477;;
GDY_15_2024_09_25_02.jpg;GDY;15;9;GDY_15;GDY_15_02;GDY_15_02_a;864.636;;
;GDY;15;9;GDY_15;GDY_15_02;GDY_15_02_b;863.179;;
;GDY;15;9;GDY_15;GDY_15_02;GDY_15_02_c;861.159;;
GDY_15_2024_09_25_03.jpg;GDY;15;9;GDY_15;GDY_15_03;GDY_15_03_a;917.537;;
;GDY;15;9;GDY_15;GDY_15_03;GDY_15_03_b;918.053;;
;GDY;15;9;GDY_15;GDY_15_03;GDY_15_03_c;917.067;;
GDY_15_2024_09_25_04.jpg;GDY;15;9;GDY_15;GDY_15_04;GDY_15_04_a;890.108;;
;GDY;15;9;GDY_15;GDY_15_04;GDY_15_04_b;887.289;;
;GDY;15;9;GDY_15;GDY_15_04;GDY_15_04_c;884.601;;
GDY_15_2024_09_25_05.jpg;GDY;15;9;GDY_15;GDY_15_05;GDY_15_05_a;909.081;;
;GDY;15;9;GDY_15;GDY_15_05;GDY_15_05_b;913.852;;
;GDY;15;9;GDY_15;GDY_15_05;GDY_15_05_c;910.228;;
GDY_15_2024_09_25_06.jpg;GDY;15;9;GDY_15;GDY_15_06;GDY_15_06_a;885.846;;
;GDY;15;9;GDY_15;GDY_15_06;GDY_15_06_b;890.397;;
;GDY;15;9;GDY_15;GDY_15_06;GDY_15_06_c;889.127;;
GDY_15_2024_09_25_07.jpg;GDY;15;9;GDY_15;GDY_15_07;GDY_15_07_a;898.429;;
;GDY;15;9;GDY_15;GDY_15_07;GDY_15_07_b;889.762;;
;GDY;15;9;GDY_15;GDY_15_07;GDY_15_07_c;895.358;;
GDY_15_2024_09_25_08.jpg;GDY;15;9;GDY_15;GDY_15_08;GDY_15_08_a;833.192;;
;GDY;15;9;GDY_15;GDY_15_08;GDY_15_08_b;843.515;;
;GDY;15;9;GDY_15;GDY_15_08;GDY_15_08_c;837.141;;
GDY_15_2024_09_25_09.jpg;GDY;15;9;GDY_15;GDY_15_09;GDY_15_09_a;878.281;;
;GDY;15;9;GDY_15;GDY_15_09;GDY_15_09_b;878.2;;
;GDY;15;9;GDY_15;GDY_15_09;GDY_15_09_c;871.521;;
GDY_15_2024_09_25_10.jpg;GDY;15;9;GDY_15;GDY_15_10;GDY_15_10_a;884.117;;
;GDY;15;9;GDY_15;GDY_15_10;GDY_15_10_b;881.108;;
;GDY;15;9;GDY_15;GDY_15_10;GDY_15_10_c;882.853;;
GDY_15_2024_09_25_11.jpg;GDY;15;9;GDY_15;GDY_15_11;GDY_15_11_a;737.737;;
;GDY;15;9;GDY_15;GDY_15_11;GDY_15_11_b;740.384;;
;GDY;15;9;GDY_15;GDY_15_11;GDY_15_11_c;736.201;;
GDY_15_2024_09_25_12.jpg;GDY;15;9;GDY_15;GDY_15_12;GDY_15_12_a;845.166;;
;GDY;15;9;GDY_15;GDY_15_12;GDY_15_12_b;844.133;;
;GDY;15;9;GDY_15;GDY_15_12;GDY_15_12_c;840.796;;
GDY_15_2024_09_25_13.jpg;GDY;15;9;GDY_15;GDY_15_13;GDY_15_13_a;918.365;;
;GDY;15;9;GDY_15;GDY_15_13;GDY_15_13_b;916.392;;
;GDY;15;9;GDY_15;GDY_15_13;GDY_15_13_c;913.753;;
GDY_5_2024_09_25_01.jpg;GDY;5;9;GDY_5;GDY_5_01;GDY_5_01_a;879.31;;
;GDY;5;9;GDY_5;GDY_5_01;GDY_5_01_b;878.06;;
;GDY;5;9;GDY_5;GDY_5_01;GDY_5_01_c;877.424;;
GDY_5_2024_09_25_02.jpg;GDY;5;9;GDY_5;GDY_5_02;GDY_5_02_a;905.663;;
;GDY;5;9;GDY_5;GDY_5_02;GDY_5_02_b;902.668;;
;GDY;5;9;GDY_5;GDY_5_02;GDY_5_02_c;901.168;;
GDY_5_2024_09_25_03.jpg;GDY;5;9;GDY_5;GDY_5_03;GDY_5_03_a;862.044;;
;GDY;5;9;GDY_5;GDY_5_03;GDY_5_03_b;864.729;;
;GDY;5;9;GDY_5;GDY_5_03;GDY_5_03_c;866.466;;
GDY_5_2024_09_25_04.jpg;GDY;5;9;GDY_5;GDY_5_04;GDY_5_04_a;885.846;;
;GDY;5;9;GDY_5;GDY_5_04;GDY_5_04_b;887.539;;
;GDY;5;9;GDY_5;GDY_5_04;GDY_5_04_c;884.48;;
GDY_5_2024_09_25_05.jpg;GDY;5;9;GDY_5;GDY_5_05;GDY_5_05_a;877.722;;
;GDY;5;9;GDY_5;GDY_5_05;GDY_5_05_b;874.955;;
;GDY;5;9;GDY_5;GDY_5_05;GDY_5_05_c;874.309;;
GDY_5_2024_09_25_06.jpg;GDY;5;9;GDY_5;GDY_5_06;GDY_5_06_a;895.853;;
;GDY;5;9;GDY_5;GDY_5_06;GDY_5_06_b;894.683;;
;GDY;5;9;GDY_5;GDY_5_06;GDY_5_06_c;893.7;;
GDY_5_2024_09_25_07.jpg;GDY;5;9;GDY_5;GDY_5_07;GDY_5_07_a;862.635;;
;GDY;5;9;GDY_5;GDY_5_07;GDY_5_07_b;860.682;;
;GDY;5;9;GDY_5;GDY_5_07;GDY_5_07_c;857.241;;
GDY_5_2024_09_25_08.jpg;GDY;5;9;GDY_5;GDY_5_08;GDY_5_08_a;876.811;;
;GDY;5;9;GDY_5;GDY_5_08;GDY_5_08_b;874.086;;
;GDY;5;9;GDY_5;GDY_5_08;GDY_5_08_c;875.978;;
GDY_5_2024_09_25_09.jpg;GDY;5;9;GDY_5;GDY_5_09;GDY_5_09_a;879.978;;
;GDY;5;9;GDY_5;GDY_5_09;GDY_5_09_b;882.23;;
;GDY;5;9;GDY_5;GDY_5_09;GDY_5_09_c;878.358;;
GDY_5_2024_09_25_10.jpg;GDY;5;9;GDY_5;GDY_5_10;GDY_5_10_a;818.537;;
;GDY;5;9;GDY_5;GDY_5_10;GDY_5_10_b;811.895;;
;GDY;5;9;GDY_5;GDY_5_10;GDY_5_10_c;816.201;bad;bad_photo
GDY_5_2024_09_25_11.jpg;GDY;5;9;GDY_5;GDY_5_11;GDY_5_11_a;906.65;bad;bad_photo
;GDY;5;9;GDY_5;GDY_5_11;GDY_5_11_b;904.561;bad;bad_photo
;GDY;5;9;GDY_5;GDY_5_11;GDY_5_11_c;903.215;;
GDY_15_2024_10_04_01.jpg;GDY;15;10;GDY_15;GDY_15_01;GDY_15_01_a;842.223;;
;GDY;15;10;GDY_15;GDY_15_01;GDY_15_01_b;845.805;;
;GDY;15;10;GDY_15;GDY_15_01;GDY_15_01_c;841.614;;
GDY_15_2024_10_04_02.jpg;GDY;15;10;GDY_15;GDY_15_02;GDY_15_02_a;853.195;;
;GDY;15;10;GDY_15;GDY_15_02;GDY_15_02_b;854.928;;
;GDY;15;10;GDY_15;GDY_15_02;GDY_15_02_c;853.099;;
GDY_15_2024_10_04_03.jpg;GDY;15;10;GDY_15;GDY_15_03;GDY_15_03_a;779.444;;
;GDY;15;10;GDY_15;GDY_15_03;GDY_15_03_b;774.439;;
;GDY;15;10;GDY_15;GDY_15_03;GDY_15_03_c;773.384;;
GDY_15_2024_10_04_04.jpg;GDY;15;10;GDY_15;GDY_15_04;GDY_15_04_a;848.967;;
;GDY;15;10;GDY_15;GDY_15_04;GDY_15_04_b;853.401;;
;GDY;15;10;GDY_15;GDY_15_04;GDY_15_04_c;852.346;;
GDY_15_2024_10_04_05.jpg;GDY;15;10;GDY_15;GDY_15_05;GDY_15_05_a;803.783;;
;GDY;15;10;GDY_15;GDY_15_05;GDY_15_05_b;809.573;;
;GDY;15;10;GDY_15;GDY_15_05;GDY_15_05_c;808.894;;
GDY_15_2024_10_04_06.jpg;GDY;15;10;GDY_15;GDY_15_06;GDY_15_06_a;802.995;;
;GDY;15;10;GDY_15;GDY_15_06;GDY_15_06_b;803.613;;
;GDY;15;10;GDY_15;GDY_15_06;GDY_15_06_c;800.744;;
GDY_15_2024_10_04_07.jpg;GDY;15;10;GDY_15;GDY_15_07;GDY_15_07_a;861.416;;
;GDY;15;10;GDY_15;GDY_15_07;GDY_15_07_b;868.784;;
;GDY;15;10;GDY_15;GDY_15_07;GDY_15_07_c;865.441;;
GDY_15_2024_10_04_08.jpg;GDY;15;10;GDY_15;GDY_15_08;GDY_15_08_a;797.701;;
;GDY;15;10;GDY_15;GDY_15_08;GDY_15_08_b;792.319;;
;GDY;15;10;GDY_15;GDY_15_08;GDY_15_08_c;794.574;;
GDY_15_2024_10_04_09.jpg;GDY;15;10;GDY_15;GDY_15_09;GDY_15_09_a;873.558;;
;GDY;15;10;GDY_15;GDY_15_09;GDY_15_09_b;871.539;;
;GDY;15;10;GDY_15;GDY_15_09;GDY_15_09_c;871.729;;
GDY_15_2024_10_04_10.jpg;GDY;15;10;GDY_15;GDY_15_10;GDY_15_10_a;811.441;;
;GDY;15;10;GDY_15;GDY_15_10;GDY_15_10_b;815.084;;
;GDY;15;10;GDY_15;GDY_15_10;GDY_15_10_c;813.054;;
GDY_15_2024_10_04_11.jpg;GDY;15;10;GDY_15;GDY_15_11;GDY_15_11_a;788.062;;
;GDY;15;10;GDY_15;GDY_15_11;GDY_15_11_b;787.839;;
;GDY;15;10;GDY_15;GDY_15_11;GDY_15_11_c;788.062;;
GDY_15_2024_10_04_12.jpg;GDY;15;10;GDY_15;GDY_15_12;GDY_15_12_a;860.05;;
;GDY;15;10;GDY_15;GDY_15_12;GDY_15_12_b;860.1;;
;GDY;15;10;GDY_15;GDY_15_12;GDY_15_12_c;861.311;;
GDY_15_2024_10_04_13.jpg;GDY;15;10;GDY_15;GDY_15_13;GDY_15_13_a;805.662;;
;GDY;15;10;GDY_15;GDY_15_13;GDY_15_13_b;801.699;;
;GDY;15;10;GDY_15;GDY_15_13;GDY_15_13_c;808.628;;
GDY_15_2024_10_04_14.jpg;GDY;15;10;GDY_15;GDY_15_14;GDY_15_14_a;745.015;;
;GDY;15;10;GDY_15;GDY_15_14;GDY_15_14_b;743.649;;
;GDY;15;10;GDY_15;GDY_15_14;GDY_15_14_c;739.14;;
GDY_5_2024_10_04_01.jpg;GDY;5;10;GDY_5;GDY_5_01;GDY_5_01_a;874.743;;
;GDY;5;10;GDY_5;GDY_5_01;GDY_5_01_b;871.351;;
;GDY;5;10;GDY_5;GDY_5_01;GDY_5_01_c;873.892;;
GDY_5_2024_10_04_02.jpg;GDY;5;10;GDY_5;GDY_5_02;GDY_5_02_a;901.332;;
;GDY;5;10;GDY_5;GDY_5_02;GDY_5_02_b;899.984;;
;GDY;5;10;GDY_5;GDY_5_02;GDY_5_02_c;902.432;;
GDY_5_2024_10_04_03.jpg;GDY;5;10;GDY_5;GDY_5_03;GDY_5_03_a;845.608;;
;GDY;5;10;GDY_5;GDY_5_03;GDY_5_03_b;843.385;;
;GDY;5;10;GDY_5;GDY_5_03;GDY_5_03_c;842.38;;
GDY_5_2024_10_04_04.jpg;GDY;5;10;GDY_5;GDY_5_04;GDY_5_04_a;797.308;;
;GDY;5;10;GDY_5;GDY_5_04;GDY_5_04_b;798.935;;
;GDY;5;10;GDY_5;GDY_5_04;GDY_5_04_c;799.762;;
GDY_5_2024_10_04_05.jpg;GDY;5;10;GDY_5;GDY_5_05;GDY_5_05_a;870.951;;
;GDY;5;10;GDY_5;GDY_5_05;GDY_5_05_b;869.657;;
;GDY;5;10;GDY_5;GDY_5_05;GDY_5_05_c;872.159;;
GDY_5_2024_10_04_06.jpg;GDY;5;10;GDY_5;GDY_5_06;GDY_5_06_a;926.026;;
;GDY;5;10;GDY_5;GDY_5_06;GDY_5_06_b;923.618;;
;GDY;5;10;GDY_5;GDY_5_06;GDY_5_06_c;929.412;;
GDY_5_2024_10_04_07.jpg;GDY;5;10;GDY_5;GDY_5_07;GDY_5_07_a;855.979;;
;GDY;5;10;GDY_5;GDY_5_07;GDY_5_07_b;857.105;;
;GDY;5;10;GDY_5;GDY_5_07;GDY_5_07_c;856.78;;
GDY_5_2024_10_04_08.jpg;GDY;5;10;GDY_5;GDY_5_08;GDY_5_08_a;907.912;;
;GDY;5;10;GDY_5;GDY_5_08;GDY_5_08_b;910.421;;
;GDY;5;10;GDY_5;GDY_5_08;GDY_5_08_c;909.703;;
GDY_5_2024_10_04_09.jpg;GDY;5;10;GDY_5;GDY_5_09;GDY_5_09_a;904.702;;
;GDY;5;10;GDY_5;GDY_5_09;GDY_5_09_b;905.916;;
;GDY;5;10;GDY_5;GDY_5_09;GDY_5_09_c;909.865;;
GDY_5_2024_10_04_10.jpg;GDY;5;10;GDY_5;GDY_5_10;GDY_5_10_a;883.946;;
;GDY;5;10;GDY_5;GDY_5_10;GDY_5_10_b;889.064;;
;GDY;5;10;GDY_5;GDY_5_10;GDY_5_10_c;882.611;;
GDY_5_2024_10_04_11.jpg;GDY;5;10;GDY_5;GDY_5_11;GDY_5_11_a;903.479;;
;GDY;5;10;GDY_5;GDY_5_11;GDY_5_11_b;908.412;;
;GDY;5;10;GDY_5;GDY_5_11;GDY_5_11_c;905.619;;
GDY_5_2024_10_04_12.jpg;GDY;5;10;GDY_5;GDY_5_12;GDY_5_12_a;790.231;;
;GDY;5;10;GDY_5;GDY_5_12;GDY_5_12_b;789.431;;
;GDY;5;10;GDY_5;GDY_5_12;GDY_5_12_c;794.788;;
GDY_5_2024_10_04_13.jpg;GDY;5;10;GDY_5;GDY_5_13;GDY_5_13_a;878.631;bad;injured_individual
;GDY;5;10;GDY_5;GDY_5_13;GDY_5_13_b;877.841;bad;injured_individual
;GDY;5;10;GDY_5;GDY_5_13;GDY_5_13_c;879.153;bad;injured_individual
H21_15_2024_10_04_01.jpg;H21;15;10;H21_15;H21_15_01;H21_15_01_a;720.261;;
;H21;15;10;H21_15;H21_15_01;H21_15_01_b;713.483;;
;H21;15;10;H21_15;H21_15_01;H21_15_01_c;718.163;;
H21_15_2024_10_04_02.jpg;H21;15;10;H21_15;H21_15_02;H21_15_02_a;702.182;;
;H21;15;10;H21_15;H21_15_02;H21_15_02_b;702.527;;
;H21;15;10;H21_15;H21_15_02;H21_15_02_c;705.088;;
H21_15_2024_10_04_03.jpg;H21;15;10;H21_15;H21_15_03;H21_15_03_a;785.429;;
;H21;15;10;H21_15;H21_15_03;H21_15_03_b;783.41;;
;H21;15;10;H21_15;H21_15_03;H21_15_03_c;782.714;;
H21_15_2024_10_04_04.jpg;H21;15;10;H21_15;H21_15_04;H21_15_04_a;731.866;;
;H21;15;10;H21_15;H21_15_04;H21_15_04_b;726.016;;
;H21;15;10;H21_15;H21_15_04;H21_15_04_c;730.503;;
H21_15_2024_10_04_05.jpg;H21;15;10;H21_15;H21_15_05;H21_15_05_a;744.895;;
;H21;15;10;H21_15;H21_15_05;H21_15_05_b;749.3;;
;H21;15;10;H21_15;H21_15_05;H21_15_05_c;745.526;;
H21_15_2024_10_04_06.jpg;H21;15;10;H21_15;H21_15_06;H21_15_06_a;766.364;;
;H21;15;10;H21_15;H21_15_06;H21_15_06_b;763.453;;
;H21;15;10;H21_15;H21_15_06;H21_15_06_c;765.272;;
H21_15_2024_10_04_07.jpg;H21;15;10;H21_15;H21_15_07;H21_15_07_a;742.032;;
;H21;15;10;H21_15;H21_15_07;H21_15_07_b;741.108;;
;H21;15;10;H21_15;H21_15_07;H21_15_07_c;742.962;;
H21_15_2024_10_04_08.jpg;H21;15;10;H21_15;H21_15_08;H21_15_08_a;727.776;;
;H21;15;10;H21_15;H21_15_08;H21_15_08_b;733.72;;
;H21;15;10;H21_15;H21_15_08;H21_15_08_c;729.602;;
H21_15_2024_10_04_09.jpg;H21;15;10;H21_15;H21_15_09;H21_15_09_a;732.958;;
;H21;15;10;H21_15;H21_15_09;H21_15_09_b;734.46;;
;H21;15;10;H21_15;H21_15_09;H21_15_09_c;735.581;;
H21_15_2024_10_04_10.jpg;H21;15;10;H21_15;H21_15_10;H21_15_10_a;737.206;;
;H21;15;10;H21_15;H21_15_10;H21_15_10_b;736.649;;
;H21;15;10;H21_15;H21_15_10;H21_15_10_c;734.16;;
H21_15_2024_10_04_11.jpg;H21;15;10;H21_15;H21_15_11;H21_15_11_a;757.332;;
;H21;15;10;H21_15;H21_15_11;H21_15_11_b;760.763;;
;H21;15;10;H21_15;H21_15_11;H21_15_11_c;756.129;;
H21_15_2024_10_04_12.jpg;H21;15;10;H21_15;H21_15_12;H21_15_12_a;776.235;;
;H21;15;10;H21_15;H21_15_12;H21_15_12_b;779.464;;
;H21;15;10;H21_15;H21_15_12;H21_15_12_c;778.487;;
H21_5_2024_10_04_01.tif;H21;5;10;H21_5;H21_5_01;H21_5_01_a;711.171;;
;H21;5;10;H21_5;H21_5_01;H21_5_01_b;710.427;;
;H21;5;10;H21_5;H21_5_01;H21_5_01_c;714.932;;
H21_5_2024_10_04_02.tif;H21;5;10;H21_5;H21_5_02;H21_5_02_a;773.42;;
;H21;5;10;H21_5;H21_5_02;H21_5_02_b;772.329;;
;H21;5;10;H21_5;H21_5_02;H21_5_02_c;772.115;;
H21_5_2024_10_04_03.tif;H21;5;10;H21_5;H21_5_03;H21_5_03_a;790.601;;
;H21;5;10;H21_5;H21_5_03;H21_5_03_b;789.186;;
;H21;5;10;H21_5;H21_5_03;H21_5_03_c;792.59;;
H21_5_2024_10_04_04.tif;H21;5;10;H21_5;H21_5_04;H21_5_04_a;753.478;;
;H21;5;10;H21_5;H21_5_04;H21_5_04_b;753.398;;
;H21;5;10;H21_5;H21_5_04;H21_5_04_c;754.941;;
H21_5_2024_10_04_05.tif;H21;5;10;H21_5;H21_5_05;H21_5_05_a;734.279;;
;H21;5;10;H21_5;H21_5_05;H21_5_05_b;732.064;;
;H21;5;10;H21_5;H21_5_05;H21_5_05_c;731.886;;
H21_5_2024_10_04_06.tif;H21;5;10;H21_5;H21_5_06;H21_5_06_a;722.28;;
;H21;5;10;H21_5;H21_5_06;H21_5_06_b;719.763;;
;H21;5;10;H21_5;H21_5_06;H21_5_06_c;720.459;;
H21_5_2024_10_04_07.tif;H21;5;10;H21_5;H21_5_07;H21_5_07_a;689.397;;
;H21;5;10;H21_5;H21_5_07;H21_5_07_b;688.778;;
;H21;5;10;H21_5;H21_5_07;H21_5_07_c;688.505;;
H21_5_2024_10_04_08.tif;H21;5;10;H21_5;H21_5_08;H21_5_08_a;693.28;;
;H21;5;10;H21_5;H21_5_08;H21_5_08_b;695.132;;
;H21;5;10;H21_5;H21_5_08;H21_5_08_c;696.655;;
H21_5_2024_10_04_09.tif;H21;5;10;H21_5;H21_5_09;H21_5_09_a;735.168;;
;H21;5;10;H21_5;H21_5_09;H21_5_09_b;731.045;;
;H21;5;10;H21_5;H21_5_09;H21_5_09_c;729.037;;
H21_5_2024_10_04_10.tif;H21;5;10;H21_5;H21_5_10;H21_5_10_a;788.73;;
;H21;5;10;H21_5;H21_5_10;H21_5_10_b;784.17;;
;H21;5;10;H21_5;H21_5_10;H21_5_10_c;789.789;;
H21_5_2024_10_04_11.tif;H21;5;10;H21_5;H21_5_11;H21_5_11_a;721.053;;
;H21;5;10;H21_5;H21_5_11;H21_5_11_b;720.8;;
;H21;5;10;H21_5;H21_5_11;H21_5_11_c;724.313;;
H21_5_2024_10_04_12.tif;H21;5;10;H21_5;H21_5_12;H21_5_12_a;612.229;;
;H21;5;10;H21_5;H21_5_12;H21_5_12_b;613.11;;
;H21;5;10;H21_5;H21_5_12;H21_5_12_c;611.38;;
H21_5_2024_10_04_13.tif;H21;5;10;H21_5;H21_5_13;H21_5_13_a;762.676;;
;H21;5;10;H21_5;H21_5_13;H21_5_13_b;760.203;;
;H21;5;10;H21_5;H21_5_13;H21_5_13_c;761.592;;
H21_5_2024_10_04_14.tif;H21;5;10;H21_5;H21_5_14;H21_5_14_a;742.233;;
;H21;5;10;H21_5;H21_5_14;H21_5_14_b;740.121;;
;H21;5;10;H21_5;H21_5_14;H21_5_14_c;742.233;;
H21_5_2024_10_04_15.tif;H21;5;10;H21_5;H21_5_15;H21_5_15_a;706.628;;
;H21;5;10;H21_5;H21_5_15;H21_5_15_b;709.725;;
;H21;5;10;H21_5;H21_5_15;H21_5_15_c;707.124;;
I47_15_2024_07_23_01.jpg;IU7;15;7;I47_15;I47_15_01;I47_15_01_a;786.583;;
;IU7;15;7;I47_15;I47_15_01;I47_15_01_b;781.979;;
;IU7;15;7;I47_15;I47_15_01;I47_15_01_c;782.201;;
I47_15_2024_07_23_02.jpg;IU7;15;7;I47_15;I47_15_02;I47_15_02_a;821.124;;
;IU7;15;7;I47_15;I47_15_02;I47_15_02_b;815.63;;
;IU7;15;7;I47_15;I47_15_02;I47_15_02_c;818.444;;
I47_15_2024_07_23_03.jpg;IU7;15;7;I47_15;I47_15_03;I47_15_03_a;743.246;;
;IU7;15;7;I47_15;I47_15_03;I47_15_03_b;746.824;;
;IU7;15;7;I47_15;I47_15_03;I47_15_03_c;745.755;;
I47_15_2024_07_23_04.jpg;IU7;15;7;I47_15;I47_15_04;I47_15_04_a;790.153;;
;IU7;15;7;I47_15;I47_15_04;I47_15_04_b;787.063;;
;IU7;15;7;I47_15;I47_15_04;I47_15_04_c;788.627;;
I47_15_2024_07_23_05.jpg;IU7;15;7;I47_15;I47_15_05;I47_15_05_a;822.271;;
;IU7;15;7;I47_15;I47_15_05;I47_15_05_b;827.924;;
;IU7;15;7;I47_15;I47_15_05;I47_15_05_c;824.542;;
I47_15_2024_07_23_06.jpg;IU7;15;7;I47_15;I47_15_06;I47_15_06_a;768.188;;
;IU7;15;7;I47_15;I47_15_06;I47_15_06_b;763.829;;
;IU7;15;7;I47_15;I47_15_06;I47_15_06_c;768.541;;
I47_15_2024_07_23_07.jpg;IU7;15;7;I47_15;I47_15_07;I47_15_07_a;786.639;;
;IU7;15;7;I47_15;I47_15_07;I47_15_07_b;788.164;;
;IU7;15;7;I47_15;I47_15_07;I47_15_07_c;782.142;;
I47_15_2024_07_23_08.jpg;IU7;15;7;I47_15;I47_15_08;I47_15_08_a;782.996;;
;IU7;15;7;I47_15;I47_15_08;I47_15_08_b;784.549;;
;IU7;15;7;I47_15;I47_15_08;I47_15_08_c;780.882;;
I47_15_2024_07_23_09.jpg;IU7;15;7;I47_15;I47_15_09;I47_15_09_a;829.958;;
;IU7;15;7;I47_15;I47_15_09;I47_15_09_b;831.467;;
;IU7;15;7;I47_15;I47_15_09;I47_15_09_c;831.58;;
I47_15_2024_07_23_10.jpg;IU7;15;7;I47_15;I47_15_10;I47_15_10_a;781.277;bad;bad_photo
;IU7;15;7;I47_15;I47_15_10;I47_15_10_b;797.415;bad;bad_photo
;IU7;15;7;I47_15;I47_15_10;I47_15_10_c;801.742;bad;bad_photo
I47_15_2024_07_23_11.jpg;IU7;15;7;I47_15;I47_15_11;I47_15_11_a;737.072;;
;IU7;15;7;I47_15;I47_15_11;I47_15_11_b;734.742;;
;IU7;15;7;I47_15;I47_15_11;I47_15_11_c;732.976;;
I47_15_2024_07_23_12.jpg;IU7;15;7;I47_15;I47_15_12;I47_15_12_a;826.306;;
;IU7;15;7;I47_15;I47_15_12;I47_15_12_b;827.882;;
;IU7;15;7;I47_15;I47_15_12;I47_15_12_c;826.191;;
I47_15_2024_07_23_13.jpg;IU7;15;7;I47_15;I47_15_13;I47_15_13_a;809.354;;
;IU7;15;7;I47_15;I47_15_13;I47_15_13_b;811.344;;
;IU7;15;7;I47_15;I47_15_13;I47_15_13_c;812.338;;
I47_15_2024_07_23_14.jpg;IU7;15;7;I47_15;I47_15_14;I47_15_14_a;752.438;;
;IU7;15;7;I47_15;I47_15_14;I47_15_14_b;753.337;;
;IU7;15;7;I47_15;I47_15_14;I47_15_14_c;752.653;;
I47_15_2024_07_23_15.jpg;IU7;15;7;I47_15;I47_15_15;I47_15_15_a;773.731;;
;IU7;15;7;I47_15;I47_15_15;I47_15_15_b;772.89;;
;IU7;15;7;I47_15;I47_15_15;I47_15_15_c;773.192;;
I47_15_2024_07_23_16.jpg;IU7;15;7;I47_15;I47_15_16;I47_15_16_a;818.972;;
;IU7;15;7;I47_15;I47_15_16;I47_15_16_b;814.137;;
;IU7;15;7;I47_15;I47_15_16;I47_15_16_c;815.938;;
I47_15_2024_07_23_17.jpg;IU7;15;7;I47_15;I47_15_17;I47_15_17_a;804.963;;
;IU7;15;7;I47_15;I47_15_17;I47_15_17_b;807.187;;
;IU7;15;7;I47_15;I47_15_17;I47_15_17_c;801.917;;
I47_5_2024_07_23_01.jpg;IU7;5;7;I47_5;I47_5_01;I47_5_01_a;860.559;;
;IU7;5;7;I47_5;I47_5_01;I47_5_01_b;865.245;;
;IU7;5;7;I47_5;I47_5_01;I47_5_01_c;863.685;;
I47_5_2024_07_23_02.jpg;IU7;5;7;I47_5;I47_5_02;I47_5_02_a;871.577;;
;IU7;5;7;I47_5;I47_5_02;I47_5_02_b;876.459;;
;IU7;5;7;I47_5;I47_5_02;I47_5_02_c;873.768;;
I47_5_2024_07_23_03.jpg;IU7;5;7;I47_5;I47_5_03;I47_5_03_a;794.568;;
;IU7;5;7;I47_5;I47_5_03;I47_5_03_b;799.889;;
;IU7;5;7;I47_5;I47_5_03;I47_5_03_c;795.445;;
I47_5_2024_07_23_04.jpg;IU7;5;7;I47_5;I47_5_04;I47_5_04_a;751.155;;
;IU7;5;7;I47_5;I47_5_04;I47_5_04_b;753.455;;
;IU7;5;7;I47_5;I47_5_04;I47_5_04_c;751.14;;
I47_5_2024_07_23_05.jpg;IU7;5;7;I47_5;I47_5_05;I47_5_05_a;815.375;;
;IU7;5;7;I47_5;I47_5_05;I47_5_05_b;811.738;;
;IU7;5;7;I47_5;I47_5_05;I47_5_05_c;814.543;;
I47_5_2024_07_23_06.jpg;IU7;5;7;I47_5;I47_5_06;I47_5_06_a;780.204;;
;IU7;5;7;I47_5;I47_5_06;I47_5_06_b;784.608;;
;IU7;5;7;I47_5;I47_5_06;I47_5_06_c;783.488;;
I47_5_2024_07_23_07.jpg;IU7;5;7;I47_5;I47_5_07;I47_5_07_a;811.563;;
;IU7;5;7;I47_5;I47_5_07;I47_5_07_b;808.225;;
;IU7;5;7;I47_5;I47_5_07;I47_5_07_c;808.374;;
I47_5_2024_07_23_08.jpg;IU7;5;7;I47_5;I47_5_08;I47_5_08_a;853.237;;
;IU7;5;7;I47_5;I47_5_08;I47_5_08_b;852.469;;
;IU7;5;7;I47_5;I47_5_08;I47_5_08_c;853.684;;
I47_5_2024_07_23_09.jpg;IU7;5;7;I47_5;I47_5_09;I47_5_09_a;786.027;;
;IU7;5;7;I47_5;I47_5_09;I47_5_09_b;788.147;;
;IU7;5;7;I47_5;I47_5_09;I47_5_09_c;782.742;;
I47_5_2024_07_23_10.jpg;IU7;5;7;I47_5;I47_5_10;I47_5_10_a;832.992;;
;IU7;5;7;I47_5;I47_5_10;I47_5_10_b;830.853;;
;IU7;5;7;I47_5;I47_5_10;I47_5_10_c;829.842;;
I47_5_2024_07_23_11.jpg;IU7;5;7;I47_5;I47_5_11;I47_5_11_a;761.429;;
;IU7;5;7;I47_5;I47_5_11;I47_5_11_b;760.506;;
;IU7;5;7;I47_5;I47_5_11;I47_5_11_c;760.257;;
I47_5_2024_07_23_12.jpg;IU7;5;7;I47_5;I47_5_12;I47_5_12_a;816.269;;
;IU7;5;7;I47_5;I47_5_12;I47_5_12_b;814.604;;
;IU7;5;7;I47_5;I47_5_12;I47_5_12_c;813.151;;
I47_5_2024_07_23_13.jpg;IU7;5;7;I47_5;I47_5_13;I47_5_13_a;746.052;;
;IU7;5;7;I47_5;I47_5_13;I47_5_13_b;749.339;;
;IU7;5;7;I47_5;I47_5_13;I47_5_13_c;742.441;;
I47_5_2024_07_23_14.jpg;IU7;5;7;I47_5;I47_5_14;I47_5_14_a;843.474;;
;IU7;5;7;I47_5;I47_5_14;I47_5_14_b;848.236;;
;IU7;5;7;I47_5;I47_5_14;I47_5_14_c;849.085;;
I47_5_2024_07_23_15.jpg;IU7;5;7;I47_5;I47_5_15;I47_5_15_a;869.463;;
;IU7;5;7;I47_5;I47_5_15;I47_5_15_b;867.899;;
;IU7;5;7;I47_5;I47_5_15;I47_5_15_c;865.909;;
I47_5_2024_07_23_16.jpg;IU7;5;7;I47_5;I47_5_16;I47_5_16_a;815.422;;
;IU7;5;7;I47_5;I47_5_16;I47_5_16_b;819.029;;
;IU7;5;7;I47_5;I47_5_16;I47_5_16_c;817.422;;
I47_5_2024_07_23_17.jpg;IU7;5;7;I47_5;I47_5_17;I47_5_17_a;827.747;;
;IU7;5;7;I47_5;I47_5_17;I47_5_17_b;831.157;;
;IU7;5;7;I47_5;I47_5_17;I47_5_17_c;833.774;;
KB03_15_2024_06_xx_01.tif;KB03;15;6;KB03_15;KB03_15_01;KB03_15_01_a;767.157;;
;KB03;15;6;KB03_15;KB03_15_01;KB03_15_01_b;767.923;;
;KB03;15;6;KB03_15;KB03_15_01;KB03_15_01_c;765.521;;
KB03_15_2024_06_xx_02.tif;KB03;15;6;KB03_15;KB03_15_02;KB03_15_02_a;738.216;;
;KB03;15;6;KB03_15;KB03_15_02;KB03_15_02_b;738.665;;
;KB03;15;6;KB03_15;KB03_15_02;KB03_15_02_c;738.125;;
KB03_15_2024_06_xx_03.tif;KB03;15;6;KB03_15;KB03_15_03;KB03_15_03_a;718.847;;
;KB03;15;6;KB03_15;KB03_15_03;KB03_15_03_b;716.374;;
;KB03;15;6;KB03_15;KB03_15_03;KB03_15_03_c;719.138;;
KB03_15_2024_06_xx_04.tif;KB03;15;6;KB03_15;KB03_15_04;KB03_15_04_a;751.732;;
;KB03;15;6;KB03_15;KB03_15_04;KB03_15_04_b;752.249;;
;KB03;15;6;KB03_15;KB03_15_04;KB03_15_04_c;751.727;;
KB03_15_2024_06_xx_05.tif;KB03;15;6;KB03_15;KB03_15_05;KB03_15_05_a;771.133;;
;KB03;15;6;KB03_15;KB03_15_05;KB03_15_05_b;772.677;;
;KB03;15;6;KB03_15;KB03_15_05;KB03_15_05_c;767.213;;
KB03_15_2024_06_xx_06.tif;KB03;15;6;KB03_15;KB03_15_06;KB03_15_06_a;746.864;;
;KB03;15;6;KB03_15;KB03_15_06;KB03_15_06_b;749.957;;
;KB03;15;6;KB03_15;KB03_15_06;KB03_15_06_c;746.783;;
KB03_15_2024_06_xx_07.tif;KB03;15;6;KB03_15;KB03_15_07;KB03_15_07_a;788.407;;
;KB03;15;6;KB03_15;KB03_15_07;KB03_15_07_b;788.558;;
;KB03;15;6;KB03_15;KB03_15_07;KB03_15_07_c;790.859;;
KB03_15_2024_06_xx_08.tif;KB03;15;6;KB03_15;KB03_15_08;KB03_15_08_a;717.939;;
;KB03;15;6;KB03_15;KB03_15_08;KB03_15_08_b;717.229;;
;KB03;15;6;KB03_15;KB03_15_08;KB03_15_08_c;718.803;;
KB03_15_2024_06_xx_09.tif;KB03;15;6;KB03_15;KB03_15_09;KB03_15_09_a;754.215;;
;KB03;15;6;KB03_15;KB03_15_09;KB03_15_09_b;752.536;;
;KB03;15;6;KB03_15;KB03_15_09;KB03_15_09_c;756.208;;
KB03_15_2024_06_xx_10.tif;KB03;15;6;KB03_15;KB03_15_10;KB03_15_10_a;767.862;;
;KB03;15;6;KB03_15;KB03_15_10;KB03_15_10_b;763.699;;
;KB03;15;6;KB03_15;KB03_15_10;KB03_15_10_c;769.934;;
KB03_15_2024_06_xx_11.tif;KB03;15;6;KB03_15;KB03_15_11;KB03_15_11_a;777.684;;
;KB03;15;6;KB03_15;KB03_15_11;KB03_15_11_b;773.744;;
;KB03;15;6;KB03_15;KB03_15_11;KB03_15_11_c;776.814;;
KB03_15_2024_06_xx_12.tif;KB03;15;6;KB03_15;KB03_15_12;KB03_15_12_a;673.712;;
;KB03;15;6;KB03_15;KB03_15_12;KB03_15_12_b;675.01;;
;KB03;15;6;KB03_15;KB03_15_12;KB03_15_12_c;676.892;;
KB03_15_2024_06_xx_13.tif;KB03;15;6;KB03_15;KB03_15_13;KB03_15_13_a;703.413;;
;KB03;15;6;KB03_15;KB03_15_13;KB03_15_13_b;701.741;;
;KB03;15;6;KB03_15;KB03_15_13;KB03_15_13_c;702.607;;
KB03_15_2024_06_xx_14.tif;KB03;15;6;KB03_15;KB03_15_14;KB03_15_14_a;783.914;;
;KB03;15;6;KB03_15;KB03_15_14;KB03_15_14_b;780.367;;
;KB03;15;6;KB03_15;KB03_15_14;KB03_15_14_c;785.193;;
KB03_15_2024_06_xx_15.tif;KB03;15;6;KB03_15;KB03_15_15;KB03_15_15_a;787.822;;
;KB03;15;6;KB03_15;KB03_15_15;KB03_15_15_b;782.019;;
;KB03;15;6;KB03_15;KB03_15_15;KB03_15_15_c;789.291;;
KB03_15_2024_06_xx_16.tif;KB03;15;6;KB03_15;KB03_15_16;KB03_15_16_a;717.557;;
;KB03;15;6;KB03_15;KB03_15_16;KB03_15_16_b;720.978;;
;KB03;15;6;KB03_15;KB03_15_16;KB03_15_16_c;716.384;;
KB03_5_2024_06_xx_01.tif;KB03;5;6;KB03_5;KB03_5_01;KB03_5_01_a;854.085;;
;KB03;5;6;KB03_5;KB03_5_01;KB03_5_01_b;854.32;;
;KB03;5;6;KB03_5;KB03_5_01;KB03_5_01_c;853.712;;
KB03_5_2024_06_xx_02.tif;KB03;5;6;KB03_5;KB03_5_02;KB03_5_02_a;777.516;;
;KB03;5;6;KB03_5;KB03_5_02;KB03_5_02_b;777.988;;
;KB03;5;6;KB03_5;KB03_5_02;KB03_5_02_c;775.697;;
KB03_5_2024_06_xx_03.tif;KB03;5;6;KB03_5;KB03_5_03;KB03_5_03_a;779.364;;
;KB03;5;6;KB03_5;KB03_5_03;KB03_5_03_b;798.035;;
;KB03;5;6;KB03_5;KB03_5_03;KB03_5_03_c;800.603;;
KB03_5_2024_06_xx_04.tif;KB03;5;6;KB03_5;KB03_5_04;KB03_5_04_a;750.251;;
;KB03;5;6;KB03_5;KB03_5_04;KB03_5_04_b;757.151;;
;KB03;5;6;KB03_5;KB03_5_04;KB03_5_04_c;754.387;;
KB03_5_2024_06_xx_05.tif;KB03;5;6;KB03_5;KB03_5_05;KB03_5_05_a;773.398;;
;KB03;5;6;KB03_5;KB03_5_05;KB03_5_05_b;775.331;;
;KB03;5;6;KB03_5;KB03_5_05;KB03_5_05_c;776.778;;
KB03_5_2024_06_xx_06.tif;KB03;5;6;KB03_5;KB03_5_06;KB03_5_06_a;767.255;;
;KB03;5;6;KB03_5;KB03_5_06;KB03_5_06_b;763.847;;
;KB03;5;6;KB03_5;KB03_5_06;KB03_5_06_c;761.383;;
KB03_5_2024_06_xx_07.tif;KB03;5;6;KB03_5;KB03_5_07;KB03_5_07_a;773.843;;
;KB03;5;6;KB03_5;KB03_5_07;KB03_5_07_b;774.913;;
;KB03;5;6;KB03_5;KB03_5_07;KB03_5_07_c;771.6;;
KB03_5_2024_06_xx_08.tif;KB03;5;6;KB03_5;KB03_5_08;KB03_5_08_a;798.454;;
;KB03;5;6;KB03_5;KB03_5_08;KB03_5_08_b;799.232;;
;KB03;5;6;KB03_5;KB03_5_08;KB03_5_08_c;799.662;;
KB03_5_2024_06_xx_09.tif;KB03;5;6;KB03_5;KB03_5_09;KB03_5_09_a;686.694;;
;KB03;5;6;KB03_5;KB03_5_09;KB03_5_09_b;683.962;;
;KB03;5;6;KB03_5;KB03_5_09;KB03_5_09_c;685.539;;
KB03_5_2024_06_xx_10.tif;KB03;5;6;KB03_5;KB03_5_10;KB03_5_10_a;823.767;;
;KB03;5;6;KB03_5;KB03_5_10;KB03_5_10_b;827.96;;
;KB03;5;6;KB03_5;KB03_5_10;KB03_5_10_c;822.896;;
LL17_15_2024_09_11_01.jpg;LL17;15;9;LL17_15;LL17_15_01;LL17_15_01_a;830.999;;
;LL17;15;9;LL17_15;LL17_15_01;LL17_15_01_b;827.7;;
;LL17;15;9;LL17_15;LL17_15_01;LL17_15_01_c;827.773;;
LL17_15_2024_09_11_02.jpg;LL17;15;9;LL17_15;LL17_15_02;LL17_15_02_a;839.027;;
;LL17;15;9;LL17_15;LL17_15_02;LL17_15_02_b;838.161;;
;LL17;15;9;LL17_15;LL17_15_02;LL17_15_02_c;835.407;;
LL17_15_2024_09_11_03.jpg;LL17;15;9;LL17_15;LL17_15_03;LL17_15_03_a;813.651;;
;LL17;15;9;LL17_15;LL17_15_03;LL17_15_03_b;808.248;;
;LL17;15;9;LL17_15;LL17_15_03;LL17_15_03_c;812.523;;
LL17_15_2024_09_11_04.jpg;LL17;15;9;LL17_15;LL17_15_04;LL17_15_04_a;899.826;;
;LL17;15;9;LL17_15;LL17_15_04;LL17_15_04_b;902.665;;
;LL17;15;9;LL17_15;LL17_15_04;LL17_15_04_c;903.463;;
LL17_15_2024_09_11_05.jpg;LL17;15;9;LL17_15;LL17_15_05;LL17_15_05_a;855.61;;
;LL17;15;9;LL17_15;LL17_15_05;LL17_15_05_b;848.218;;
;LL17;15;9;LL17_15;LL17_15_05;LL17_15_05_c;852.802;;
LL17_15_2024_09_11_06.jpg;LL17;15;9;LL17_15;LL17_15_06;LL17_15_06_a;797.152;;
;LL17;15;9;LL17_15;LL17_15_06;LL17_15_06_b;797.187;;
;LL17;15;9;LL17_15;LL17_15_06;LL17_15_06_c;796.881;;
LL17_15_2024_09_11_07.jpg;LL17;15;9;LL17_15;LL17_15_07;LL17_15_07_a;832.703;;
;LL17;15;9;LL17_15;LL17_15_07;LL17_15_07_b;834.837;;
;LL17;15;9;LL17_15;LL17_15_07;LL17_15_07_c;836.99;;
LL17_15_2024_09_11_08.jpg;LL17;15;9;LL17_15;LL17_15_08;LL17_15_08_a;836.591;;
;LL17;15;9;LL17_15;LL17_15_08;LL17_15_08_b;837.974;;
;LL17;15;9;LL17_15;LL17_15_08;LL17_15_08_c;836.416;;
LL17_15_2024_09_11_09.jpg;LL17;15;9;LL17_15;LL17_15_09;LL17_15_09_a;861.449;;
;LL17;15;9;LL17_15;LL17_15_09;LL17_15_09_b;857.627;;
;LL17;15;9;LL17_15;LL17_15_09;LL17_15_09_c;859.326;;
LL17_15_2024_09_11_10.jpg;LL17;15;9;LL17_15;LL17_15_10;LL17_15_10_a;766.746;;
;LL17;15;9;LL17_15;LL17_15_10;LL17_15_10_b;763.43;;
;LL17;15;9;LL17_15;LL17_15_10;LL17_15_10_c;764.364;;
LL17_15_2024_09_11_11.jpg;LL17;15;9;LL17_15;LL17_15_11;LL17_15_11_a;828.444;;
;LL17;15;9;LL17_15;LL17_15_11;LL17_15_11_b;835.498;;
;LL17;15;9;LL17_15;LL17_15_11;LL17_15_11_c;832.391;;
LL17_15_2024_09_11_12.jpg;LL17;15;9;LL17_15;LL17_15_12;LL17_15_12_a;822.251;;
;LL17;15;9;LL17_15;LL17_15_12;LL17_15_12_b;820.215;;
;LL17;15;9;LL17_15;LL17_15_12;LL17_15_12_c;821.986;;
LL17_15_2024_09_11_13.jpg;LL17;15;9;LL17_15;LL17_15_13;LL17_15_13_a;807.074;bad;bad_photo
;LL17;15;9;LL17_15;LL17_15_13;LL17_15_13_b;808.261;bad;bad_photo
;LL17;15;9;LL17_15;LL17_15_13;LL17_15_13_c;809.913;bad;bad_photo
LL17_15_2024_09_11_14.jpg;LL17;15;9;LL17_15;LL17_15_14;LL17_15_14_a;841.749;;
;LL17;15;9;LL17_15;LL17_15_14;LL17_15_14_b;839.235;;
;LL17;15;9;LL17_15;LL17_15_14;LL17_15_14_c;840.278;;
LL17_15_2024_09_11_15.jpg;LL17;15;9;LL17_15;LL17_15_15;LL17_15_15_a;810.127;;
;LL17;15;9;LL17_15;LL17_15_15;LL17_15_15_b;809.589;;
;LL17;15;9;LL17_15;LL17_15_15;LL17_15_15_c;810.736;;
LL17_5_2024_09_11_01.jpg;LL17;5;9;LL17_5;LL17_5_01;LL17_5_01_a;904.497;;
;LL17;5;9;LL17_5;LL17_5_01;LL17_5_01_b;902.739;;
;LL17;5;9;LL17_5;LL17_5_01;LL17_5_01_c;903.416;;
LL17_5_2024_09_11_02.jpg;LL17;5;9;LL17_5;LL17_5_02;LL17_5_02_a;825.271;;
;LL17;5;9;LL17_5;LL17_5_02;LL17_5_02_b;823.52;;
;LL17;5;9;LL17_5;LL17_5_02;LL17_5_02_c;823.486;;
LL17_5_2024_09_11_03.jpg;LL17;5;9;LL17_5;LL17_5_03;LL17_5_03_a;946.669;;
;LL17;5;9;LL17_5;LL17_5_03;LL17_5_03_b;944.291;;
;LL17;5;9;LL17_5;LL17_5_03;LL17_5_03_c;947.701;;
LL17_5_2024_09_11_04.jpg;LL17;5;9;LL17_5;LL17_5_04;LL17_5_04_a;825.826;;
;LL17;5;9;LL17_5;LL17_5_04;LL17_5_04_b;823.651;;
;LL17;5;9;LL17_5;LL17_5_04;LL17_5_04_c;825.228;;
LL17_5_2024_09_11_05.jpg;LL17;5;9;LL17_5;LL17_5_05;LL17_5_05_a;803.911;;
;LL17;5;9;LL17_5;LL17_5_05;LL17_5_05_b;800.525;;
;LL17;5;9;LL17_5;LL17_5_05;LL17_5_05_c;804.38;;
LL17_5_2024_09_11_06.jpg;LL17;5;9;LL17_5;LL17_5_06;LL17_5_06_a;832.557;;
;LL17;5;9;LL17_5;LL17_5_06;LL17_5_06_b;836.232;;
;LL17;5;9;LL17_5;LL17_5_06;LL17_5_06_c;839.207;;
LL17_5_2024_09_11_07.jpg;LL17;5;9;LL17_5;LL17_5_07;LL17_5_07_a;827.891;;
;LL17;5;9;LL17_5;LL17_5_07;LL17_5_07_b;822.306;;
;LL17;5;9;LL17_5;LL17_5_07;LL17_5_07_c;829.842;;
LL17_5_2024_09_11_08.jpg;LL17;5;9;LL17_5;LL17_5_08;LL17_5_08_a;852.373;;
;LL17;5;9;LL17_5;LL17_5_08;LL17_5_08_b;849.459;;
;LL17;5;9;LL17_5;LL17_5_08;LL17_5_08_c;853.397;;
LL17_5_2024_09_11_09.jpg;LL17;5;9;LL17_5;LL17_5_09;LL17_5_09_a;797.425;;
;LL17;5;9;LL17_5;LL17_5_09;LL17_5_09_b;796.354;;
;LL17;5;9;LL17_5;LL17_5_09;LL17_5_09_c;793.139;;
SK_15_2024_09_11_01.jpg;SK;15;9;SK_15;SK_15_01;SK_15_01_a;888.826;;
;SK;15;9;SK_15;SK_15_01;SK_15_01_b;886.734;;
;SK;15;9;SK_15;SK_15_01;SK_15_01_c;893.465;;
SK_15_2024_09_11_02.jpg;SK;15;9;SK_15;SK_15_02;SK_15_02_a;723.024;;
;SK;15;9;SK_15;SK_15_02;SK_15_02_b;722.398;;
;SK;15;9;SK_15;SK_15_02;SK_15_02_c;719.753;;
SK_15_2024_09_11_03.jpg;SK;15;9;SK_15;SK_15_03;SK_15_03_a;894.438;;
;SK;15;9;SK_15;SK_15_03;SK_15_03_b;898.645;;
;SK;15;9;SK_15;SK_15_03;SK_15_03_c;897.3;;
SK_15_2024_09_11_04.jpg;SK;15;9;SK_15;SK_15_04;SK_15_04_a;840.021;;
;SK;15;9;SK_15;SK_15_04;SK_15_04_b;839.727;;
;SK;15;9;SK_15;SK_15_04;SK_15_04_c;838.682;;
SK_15_2024_09_11_05.jpg;SK;15;9;SK_15;SK_15_05;SK_15_05_a;783.132;;
;SK;15;9;SK_15;SK_15_05;SK_15_05_b;790.076;;
;SK;15;9;SK_15;SK_15_05;SK_15_05_c;788.523;;
SK_15_2024_09_11_06.jpg;SK;15;9;SK_15;SK_15_06;SK_15_06_a;774.571;;
;SK;15;9;SK_15;SK_15_06;SK_15_06_b;777.587;;
;SK;15;9;SK_15;SK_15_06;SK_15_06_c;780.569;;
SK_15_2024_09_11_07.jpg;SK;15;9;SK_15;SK_15_07;SK_15_07_a;794.514;;
;SK;15;9;SK_15;SK_15_07;SK_15_07_b;800.653;;
;SK;15;9;SK_15;SK_15_07;SK_15_07_c;798.876;;
SK_15_2024_09_11_08.jpg;SK;15;9;SK_15;SK_15_08;SK_15_08_a;906.844;;
;SK;15;9;SK_15;SK_15_08;SK_15_08_b;904.179;;
;SK;15;9;SK_15;SK_15_08;SK_15_08_c;906.874;;
SK_15_2024_09_11_09.jpg;SK;15;9;SK_15;SK_15_09;SK_15_09_a;752.448;;
;SK;15;9;SK_15;SK_15_09;SK_15_09_b;757.398;;
;SK;15;9;SK_15;SK_15_09;SK_15_09_c;762.405;;
SK_15_2024_09_11_10.jpg;SK;15;9;SK_15;SK_15_10;SK_15_10_a;868.656;;
;SK;15;9;SK_15;SK_15_10;SK_15_10_b;870.86;;
;SK;15;9;SK_15;SK_15_10;SK_15_10_c;869.251;;
SK_15_2024_09_11_11.jpg;SK;15;9;SK_15;SK_15_11;SK_15_11_a;806.364;;
;SK;15;9;SK_15;SK_15_11;SK_15_11_b;800.982;;
;SK;15;9;SK_15;SK_15_11;SK_15_11_c;803.975;;
SK_15_2024_09_11_12.jpg;SK;15;9;SK_15;SK_15_12;SK_15_12_a;794.357;;
;SK;15;9;SK_15;SK_15_12;SK_15_12_b;794.514;;
;SK;15;9;SK_15;SK_15_12;SK_15_12_c;794.57;;
SK_15_2024_09_11_13.jpg;SK;15;9;SK_15;SK_15_13;SK_15_13_a;853.471;;
;SK;15;9;SK_15;SK_15_13;SK_15_13_b;858.766;;
;SK;15;9;SK_15;SK_15_13;SK_15_13_c;855.195;;
SK_15_2024_09_11_14.jpg;SK;15;9;SK_15;SK_15_14;SK_15_14_a;802.386;;
;SK;15;9;SK_15;SK_15_14;SK_15_14_b;800.211;;
;SK;15;9;SK_15;SK_15_14;SK_15_14_c;801.639;;
SK_15_2024_09_11_15.jpg;SK;15;9;SK_15;SK_15_15;SK_15_15_a;861.617;;
;SK;15;9;SK_15;SK_15_15;SK_15_15_b;858.293;;
;SK;15;9;SK_15;SK_15_15;SK_15_15_c;859.501;;
SK_5_2024_09_11_01.jpg;SK;5;9;SK_5;SK_5_01;SK_5_01_a;823.49;;
;SK;5;9;SK_5;SK_5_01;SK_5_01_b;824.488;;
;SK;5;9;SK_5;SK_5_01;SK_5_01_c;821.302;;
SK_5_2024_09_11_02.jpg;SK;5;9;SK_5;SK_5_02;SK_5_02_a;802.847;;
;SK;5;9;SK_5;SK_5_02;SK_5_02_b;803.299;;
;SK;5;9;SK_5;SK_5_02;SK_5_02_c;804.38;;
SK_5_2024_09_11_03.jpg;SK;5;9;SK_5;SK_5_03;SK_5_03_a;792.989;;
;SK;5;9;SK_5;SK_5_03;SK_5_03_b;789.961;;
;SK;5;9;SK_5;SK_5_03;SK_5_03_c;791.81;;
SK_5_2024_09_11_04.jpg;SK;5;9;SK_5;SK_5_04;SK_5_04_a;798.727;;
;SK;5;9;SK_5;SK_5_04;SK_5_04_b;799.225;;
;SK;5;9;SK_5;SK_5_04;SK_5_04_c;801.282;;
SK_5_2024_09_11_05.jpg;SK;5;9;SK_5;SK_5_05;SK_5_05_a;841.932;;
;SK;5;9;SK_5;SK_5_05;SK_5_05_b;841.992;;
;SK;5;9;SK_5;SK_5_05;SK_5_05_c;842.499;;
SK_5_2024_09_11_06.jpg;SK;5;9;SK_5;SK_5_06;SK_5_06_a;862.404;;
;SK;5;9;SK_5;SK_5_06;SK_5_06_b;866.616;;
;SK;5;9;SK_5;SK_5_06;SK_5_06_c;865.592;;
SK_5_2024_09_11_07.jpg;SK;5;9;SK_5;SK_5_07;SK_5_07_a;899.577;;
;SK;5;9;SK_5;SK_5_07;SK_5_07_b;897.611;;
;SK;5;9;SK_5;SK_5_07;SK_5_07_c;898.035;;
SK_5_2024_09_11_08.jpg;SK;5;9;SK_5;SK_5_08;SK_5_08_a;785.809;;
;SK;5;9;SK_5;SK_5_08;SK_5_08_b;787.123;;
;SK;5;9;SK_5;SK_5_08;SK_5_08_c;790.201;;
SK_5_2024_09_11_09.jpg;SK;5;9;SK_5;SK_5_09;SK_5_09_a;824.618;;
;SK;5;9;SK_5;SK_5_09;SK_5_09_b;823.776;;
;SK;5;9;SK_5;SK_5_09;SK_5_09_c;823.109;;
SK_5_2024_09_11_10.jpg;SK;5;9;SK_5;SK_5_10;SK_5_10_a;783.732;;
;SK;5;9;SK_5;SK_5_10;SK_5_10_b;782.655;;
;SK;5;9;SK_5;SK_5_10;SK_5_10_c;781.376;;
SK_5_2024_09_11_11.jpg;SK;5;9;SK_5;SK_5_11;SK_5_11_a;888.7;;
;SK;5;9;SK_5;SK_5_11;SK_5_11_b;886.618;;
;SK;5;9;SK_5;SK_5_11;SK_5_11_c;886.849;;
SW08_15_2024_07_16_01.jpg;SW08;15;7;SW08_15;SW08_15_01;SW08_15_01_a;868.603;;
;SW08;15;7;SW08_15;SW08_15_01;SW08_15_01_b;862.538;;
;SW08;15;7;SW08_15;SW08_15_01;SW08_15_01_c;865.558;;
SW08_15_2024_07_16_02.jpg;SW08;15;7;SW08_15;SW08_15_02;SW08_15_02_a;879.41;;
;SW08;15;7;SW08_15;SW08_15_02;SW08_15_02_b;879.982;;
;SW08;15;7;SW08_15;SW08_15_02;SW08_15_02_c;877.324;;
SW08_15_2024_07_16_03.jpg;SW08;15;7;SW08_15;SW08_15_03;SW08_15_03_a;767.646;;
;SW08;15;7;SW08_15;SW08_15_03;SW08_15_03_b;770.399;;
;SW08;15;7;SW08_15;SW08_15_03;SW08_15_03_c;769.743;;
SW08_15_2024_07_16_04.jpg;SW08;15;7;SW08_15;SW08_15_04;SW08_15_04_a;844.024;;
;SW08;15;7;SW08_15;SW08_15_04;SW08_15_04_b;849.43;;
;SW08;15;7;SW08_15;SW08_15_04;SW08_15_04_c;849.739;;
SW08_15_2024_07_16_05.jpg;SW08;15;7;SW08_15;SW08_15_05;SW08_15_05_a;852.947;;
;SW08;15;7;SW08_15;SW08_15_05;SW08_15_05_b;849.548;;
;SW08;15;7;SW08_15;SW08_15_05;SW08_15_05_c;847.258;;
SW08_15_2024_07_16_06.jpg;SW08;15;7;SW08_15;SW08_15_06;SW08_15_06_a;772.837;;
;SW08;15;7;SW08_15;SW08_15_06;SW08_15_06_b;779.084;;
;SW08;15;7;SW08_15;SW08_15_06;SW08_15_06_c;778.807;;
SW08_15_2024_07_16_07.jpg;SW08;15;7;SW08_15;SW08_15_07;SW08_15_07_a;831.662;;
;SW08;15;7;SW08_15;SW08_15_07;SW08_15_07_b;834.089;;
;SW08;15;7;SW08_15;SW08_15_07;SW08_15_07_c;830.078;;
SW08_15_2024_07_16_08.jpg;SW08;15;7;SW08_15;SW08_15_08;SW08_15_08_a;769.037;;
;SW08;15;7;SW08_15;SW08_15_08;SW08_15_08_b;766.821;;
;SW08;15;7;SW08_15;SW08_15_08;SW08_15_08_c;765.541;;
SW08_5_2024_07_16_01.jpg;SW08;5;7;SW08_5;SW08_5_01;SW08_5_01_a;845.483;;
;SW08;5;7;SW08_5;SW08_5_01;SW08_5_01_b;841.828;;
;SW08;5;7;SW08_5;SW08_5_01;SW08_5_01_c;847.759;;
SW08_5_2024_07_16_02.jpg;SW08;5;7;SW08_5;SW08_5_02;SW08_5_02_a;835.065;;
;SW08;5;7;SW08_5;SW08_5_02;SW08_5_02_b;836.618;;
;SW08;5;7;SW08_5;SW08_5_02;SW08_5_02_c;836.58;;
SW08_5_2024_07_16_03.jpg;SW08;5;7;SW08_5;SW08_5_03;SW08_5_03_a;791.359;;
;SW08;5;7;SW08_5;SW08_5_03;SW08_5_03_b;798.866;;
;SW08;5;7;SW08_5;SW08_5_03;SW08_5_03_c;792.475;;
SW08_5_2024_07_16_04.jpg;SW08;5;7;SW08_5;SW08_5_04;SW08_5_04_a;879.633;;
;SW08;5;7;SW08_5;SW08_5_04;SW08_5_04_b;876.216;;
;SW08;5;7;SW08_5;SW08_5_04;SW08_5_04_c;880.274;;
SW08_5_2024_07_16_05.jpg;SW08;5;7;SW08_5;SW08_5_05;SW08_5_05_a;770.852;;
;SW08;5;7;SW08_5;SW08_5_05;SW08_5_05_b;772.997;;
;SW08;5;7;SW08_5;SW08_5_05;SW08_5_05_c;770.952;;
SW08_5_2024_07_16_06.jpg;SW08;5;7;SW08_5;SW08_5_06;SW08_5_06_a;815.343;;
;SW08;5;7;SW08_5;SW08_5_06;SW08_5_06_b;818.373;;
;SW08;5;7;SW08_5;SW08_5_06;SW08_5_06_c;820.088;;
SW08_5_2024_07_16_07.jpg;SW08;5;7;SW08_5;SW08_5_07;SW08_5_07_a;919.818;;
;SW08;5;7;SW08_5;SW08_5_07;SW08_5_07_b;914.579;;
;SW08;5;7;SW08_5;SW08_5_07;SW08_5_07_c;917.807;;
SW08_5_2024_07_16_08.jpg;SW08;5;7;SW08_5;SW08_5_08;SW08_5_08_a;749.053;;
;SW08;5;7;SW08_5;SW08_5_08;SW08_5_08_b;742.21;;
;SW08;5;7;SW08_5;SW08_5_08;SW08_5_08_c;746.394;;
SW08_5_2024_07_16_09.jpg;SW08;5;7;SW08_5;SW08_5_09;SW08_5_09_a;819.634;;
;SW08;5;7;SW08_5;SW08_5_09;SW08_5_09_b;818.285;;
;SW08;5;7;SW08_5;SW08_5_09;SW08_5_09_c;819.797;;
SW08_5_2024_07_16_10.jpg;SW08;5;7;SW08_5;SW08_5_10;SW08_5_10_a;775.496;;
;SW08;5;7;SW08_5;SW08_5_10;SW08_5_10_b;771.321;;
;SW08;5;7;SW08_5;SW08_5_10;SW08_5_10_c;769.275;;
WH_15_2024_07_16_01.tif;WH;15;7;WH_15;WH_15_01;WH_15_01_a;730.115;;
;WH;15;7;WH_15;WH_15_01;WH_15_01_b;733.464;;
;WH;15;7;WH_15;WH_15_01;WH_15_01_c;730.284;;
WH_15_2024_07_16_02.tif;WH;15;7;WH_15;WH_15_02;WH_15_02_a;773.043;;
;WH;15;7;WH_15;WH_15_02;WH_15_02_b;774.929;;
;WH;15;7;WH_15;WH_15_02;WH_15_02_c;770.893;;
WH_15_2024_07_16_03.tif;WH;15;7;WH_15;WH_15_03;WH_15_03_a;857.245;;
;WH;15;7;WH_15;WH_15_03;WH_15_03_b;858.84;;
;WH;15;7;WH_15;WH_15_03;WH_15_03_c;854.673;;
WH_15_2024_07_16_04.tif;WH;15;7;WH_15;WH_15_04;WH_15_04_a;771.932;;
;WH;15;7;WH_15;WH_15_04;WH_15_04_b;764.939;;
;WH;15;7;WH_15;WH_15_04;WH_15_04_c;771.859;;
WH_15_2024_07_16_05.tif;WH;15;7;WH_15;WH_15_05;WH_15_05_a;858.964;;
;WH;15;7;WH_15;WH_15_05;WH_15_05_b;853.259;;
;WH;15;7;WH_15;WH_15_05;WH_15_05_c;859.173;;
WH_15_2024_07_16_06.tif;WH;15;7;WH_15;WH_15_06;WH_15_06_a;888.1;;
;WH;15;7;WH_15;WH_15_06;WH_15_06_b;891.363;;
;WH;15;7;WH_15;WH_15_06;WH_15_06_c;884.93;;
WH_15_2024_07_16_07.tif;WH;15;7;WH_15;WH_15_07;WH_15_07_a;871.458;;
;WH;15;7;WH_15;WH_15_07;WH_15_07_b;872.757;;
;WH;15;7;WH_15;WH_15_07;WH_15_07_c;869.072;;
WH_15_2024_07_16_08.tif;WH;15;7;WH_15;WH_15_08;WH_15_08_a;875.491;;
;WH;15;7;WH_15;WH_15_08;WH_15_08_b;871.894;;
;WH;15;7;WH_15;WH_15_08;WH_15_08_c;875.914;;
WH_5_2024_07_16_01.tif;WH;5;7;WH_5;WH_5_01;WH_5_01_a;854.049;;
;WH;5;7;WH_5;WH_5_01;WH_5_01_b;852.074;;
;WH;5;7;WH_5;WH_5_01;WH_5_01_c;853.088;;
WH_5_2024_07_16_02.tif;WH;5;7;WH_5;WH_5_02;WH_5_02_a;857.251;;
;WH;5;7;WH_5;WH_5_02;WH_5_02_b;856.226;;
;WH;5;7;WH_5;WH_5_02;WH_5_02_c;855.578;;
WH_5_2024_07_16_03.tif;WH;5;7;WH_5;WH_5_03;WH_5_03_a;834.849;;
;WH;5;7;WH_5;WH_5_03;WH_5_03_b;835.092;;
;WH;5;7;WH_5;WH_5_03;WH_5_03_c;829.562;;
WH_5_2024_07_16_04.tif;WH;5;7;WH_5;WH_5_04;WH_5_04_a;846.26;;
;WH;5;7;WH_5;WH_5_04;WH_5_04_b;847.836;;
;WH;5;7;WH_5;WH_5_04;WH_5_04_c;849.486;;
WH_5_2024_07_16_05.tif;WH;5;7;WH_5;WH_5_05;WH_5_05_a;927.738;;
;WH;5;7;WH_5;WH_5_05;WH_5_05_b;926.032;;
;WH;5;7;WH_5;WH_5_05;WH_5_05_c;929.171;;
WH_5_2024_07_16_06.tif;WH;5;7;WH_5;WH_5_06;WH_5_06_a;835.528;;
;WH;5;7;WH_5;WH_5_06;WH_5_06_b;834.751;;
;WH;5;7;WH_5;WH_5_06;WH_5_06_c;833.311;;
WH_5_2024_07_16_07.tif;WH;5;7;WH_5;WH_5_07;WH_5_07_a;830.533;;
;WH;5;7;WH_5;WH_5_07;WH_5_07_b;836.684;;
;WH;5;7;WH_5;WH_5_07;WH_5_07_c;834.273;;
WH_5_2024_07_16_08.tif;WH;5;7;WH_5;WH_5_08;WH_5_08_a;709.022;;
;WH;5;7;WH_5;WH_5_08;WH_5_08_b;706.231;;
;WH;5;7;WH_5;WH_5_08;WH_5_08_c;709.923;;
WH_5_2024_07_16_09.tif;WH;5;7;WH_5;WH_5_09;WH_5_09_a;807.586;;
;WH;5;7;WH_5;WH_5_09;WH_5_09_b;806.926;;
;WH;5;7;WH_5;WH_5_09;WH_5_09_c;807.145;;